{
  "project_info": {
    "project_number": "665638229843",
    "firebase_url": "https://parcar-5d021.firebaseio.com",
    "project_id": "parcar-5d021",
    "storage_bucket": "parcar-5d021.appspot.com"
  },
  "client": [
    {
      "client_info": {
        "mobilesdk_app_id": "1:665638229843:android:583a7d8809595e74f2b3a6",
        "android_client_info": {
          "package_name": "com.luminos.developers.parcar"
        }
      },
      "oauth_client": [
        {
          "client_id": "665638229843-tdccp3ra0dol7v39p5v4o1aja9pa83iv.apps.googleusercontent.com",
          "client_type": 1,
          "android_info": {
            "package_name": "com.luminos.developers.parcar",
            "certificate_hash": "279d42e9a22744a865f19c1c7bcf530c5de1a5b9"
          }
        },
        {
          "client_id": "665638229843-oatp98nlqheq4rp51lhg3pb9g9p83o4s.apps.googleusercontent.com",
          "client_type": 3
        }
      ],
      "api_key": [
        {
          "current_key": "AIzaSyA-QBQE13OLoXYiRjBk1wp06ChJzQNC2LA"
        }
      ],
      "services": {
        "appinvite_service": {
          "other_platform_oauth_client": [
            {
              "client_id": "665638229843-oatp98nlqheq4rp51lhg3pb9g9p83o4s.apps.googleusercontent.com",
              "client_type": 3
            }
          ]
        }
      }
    }
  ],
  "configuration_version": "1"
}